Nama Obat;Jenis Obat;Dosis Obat;Satuan Obat;Kemasan Obat;Kadaluarsa;Stok Obat;Obat Terjual;Sisa Obat;Order Obat
Paracetamol;Tablet;500 mg;butir;Botol;31/12/2024;1000;200;800;300
Amoxicillin;Kapsul;250 mg;butir;Botol;15/10/2023;500;100;400;200
Loratadine;Tablet;10 mg;butir;Strip;20/08/2023;800;150;650;150
Omeprazole;Kapsul;20 mg;butir;Botol;30/05/2024;1200;250;950;350
Aspirin;Tablet;100 mg;butir;Botol;25/11/2023;600;80;520;100
Dexamethasone;Injeksi;5 mg/ml;ml;Ampul;15/09/2023;300;50;250;80
Metformin;Tablet;500 mg;butir;Botol;31/12/2023;700;150;550;250
Ciprofloxacin;Tablet;250 mg;butir;Botol;15/11/2023;400;80;320;150
Prednisone;Tablet;5 mg;butir;Botol;20/01/2024;600;120;480;200
Ibuprofen;Kapsul;200 mg;butir;Botol;30/07/2023;900;180;720;300
Diazepam;Tablet;10 mg;butir;Botol;01/10/2023;450;60;390;120
Levothyroxine;Tablet;100 mcg;mcg;Botol;28/02/2024;800;100;700;180
Lisinopril;Tablet;10 mg;mg;Botol;30/09/2023;1000;200;800;300
Atorvastatin;Tablet;40 mg;mg;Botol;15/03/2024;600;100;500;150
Warfarin;Tablet;2 mg;mg;Botol;30/06/2023;500;80;420;100
Montelukast;Tablet;10 mg;mg;Botol;25/08/2023;700;150;550;200
Furosemide;Tablet;40 mg;mg;Botol;30/04/2024;300;50;250;80
Morphine;Injeksi;10 mg/ml;ml;Ampul;01/12/2023;150;30;120;50
Tramadol;Kapsul;50 mg;mg;Botol;15/07/2023;250;70;180;100
Ranitidine;Tablet;150 mg;mg;Botol;10/09/2023;400;120;280;180
Fluoxetine;Kapsul;500 mg;mg;Botol;30/06/2024;300;90;210;150
Ceftriaxone;Injeksi;1 g;g;Ampul;20/11/2023;500;100;400;250
Gabapentin;Tablet;300 mg;mg;Botol;10/08/2023;200;40;160;90
Methotrexate;Tablet;2.5 mg;mg;Botol;01/07/2023;150;20;130;60
Amlodipine;Tablet;5 mg;mg;Botol;31/10/2023;350;30;320;120
Pantoprazole;Tablet;40 mg;mg;Botol;15/05/2024;450;60;390;150
Phenobarbital;Tablet;100 mg;mg;Botol;10/12/2023;550;70;480;200
Sertraline;Tablet;50 mg;mg;Botol;05/09/2023;650;80;570;230
Clopidogrel;Tablet;75 mg;mg;Botol;31/01/2024;750;90;660;280
Methylprednisolone;Tablet;4 mg;mg;Botol;20/08/2023;400;50;350;150
Cetirizine;Tablet;10 mg;butir;Botol;15/08/2024;800;150;650;300
Azithromycin;Tablet;500 mg;butir;Strip;20/05/2024;1000;250;750;350
Doxycycline;Kapsul;100 mg;butir;Botol;30/11/2023;700;100;600;200
Metronidazole;Tablet;500 mg;butir;Strip;31/07/2024;800;200;600;250
Propranolol;Tablet;40 mg;butir;Botol;30/06/2023;500;50;450;150
Fentanyl;Injeksi;50 mcg/ml;ml;Ampul;20/12/2023;300;60;240;100
Clarithromycin;Tablet;250 mg;butir;Botol;01/09/2024;600;120;480;200
Ketoconazole;Tablet;200 mg;butir;Botol;10/04/2024;500;80;420;150
Hydrochlorothiazide;Tablet;25 mg;butir;Botol;25/10/2023;700;150;550;200
Naproxen;Tablet;250 mg;butir;Botol;15/03/2024;800;200;600;250
Acyclovir;Tablet;400 mg;butir;Botol;30/01/2024;600;80;520;200
Gabapentin;Kapsul;100 mg;butir;Botol;10/11/2023;500;60;440;150
Allopurinol;Tablet;300 mg;butir;Botol;15/09/2023;400;90;310;100
Alprazolam;Tablet;1 mg;butir;Botol;30/07/2024;300;50;250;80
Bisoprolol;Tablet;5 mg;butir;Botol;31/12/2023;500;120;380;200
Cyclobenzaprine;Tablet;10 mg;butir;Botol;01/05/2024;400;70;330;150
Digoxin;Tablet;0.25 mg;butir;Botol;25/06/2024;350;60;290;100
Enalapril;Tablet;10 mg;butir;Botol;30/09/2023;700;130;570;200
Furosemide;Injeksi;10 mg/ml;ml;Ampul;10/12/2023;300;50;250;80
Glipizide;Tablet;5 mg;butir;Botol;31/03/2024;600;110;490;180
Hydralazine;Tablet;50 mg;butir;Botol;30/11/2023;400;80;320;150
Isosorbide Mononitrate;Tablet;20 mg;butir;Botol;15/05/2024;500;70;430;200
Levofloxacin;Tablet;500 mg;butir;Botol;20/01/2024;600;100;500;200
Meloxicam;Tablet;15 mg;butir;Botol;31/07/2024;700;130;570;250
Methadone;Tablet;10 mg;butir;Botol;01/10/2023;300;50;250;100
Nitrofurantoin;Tablet;100 mg;butir;Botol;25/08/2023;400;90;310;120
Quetiapine;Tablet;100 mg;butir;Botol;10/11/2023;500;80;420;150
Rivaroxaban;Tablet;20 mg;butir;Botol;30/04/2024;600;120;480;200
Spironolactone;Tablet;25 mg;butir;Botol;15/07/2023;700;150;550;250
Tamsulosin;Kapsul;0.4 mg;butir;Botol;31/12/2024;800;160;640;300
Valsartan;Tablet;160 mg;butir;Botol;30/10/2023;500;90;410;150
Trazodone;Tablet;50 mg;butir;Botol;31/03/2024;600;110;490;180
Venlafaxine;Kapsul;75 mg;butir;Botol;15/09/2023;400;80;320;150
Zolpidem;Tablet;10 mg;butir;Botol;01/11/2023;300;60;240;100
Esomeprazole;Tablet;40 mg;butir;Botol;20/02/2024;700;130;570;250
Citalopram;Tablet;20 mg;butir;Botol;25/07/2024;800;160;640;300
Ampicillin;Kapsul;500 mg;butir;Botol;15/05/2024;500;90;410;150
Baclofen;Tablet;10 mg;butir;Botol;30/06/2023;600;100;500;200
Carvedilol;Tablet;12.5 mg;butir;Botol;10/04/2024;400;70;330;150
Diltiazem;Tablet;60 mg;butir;Botol;31/01/2024;700;140;560;220
Estradiol;Tablet;1 mg;butir;Botol;15/09/2023;500;80;420;150
Finasteride;Tablet;5 mg;butir;Botol;30/11/2023;600;120;480;200
Gemfibrozil;Tablet;600 mg;butir;Botol;10/10/2024;700;130;570;250
Hydroxyzine;Tablet;25 mg;butir;Botol;25/12/2023;300;50;250;100
Indomethacin;Kapsul;25 mg;butir;Botol;31/08/2024;400;80;320;150
Ketorolac;Tablet;10 mg;butir;Botol;15/07/2023;500;90;410;150
Labetalol;Tablet;200 mg;butir;Botol;20/05/2024;600;110;490;180
Metoclopramide;Tablet;10 mg;butir;Botol;30/04/2024;700;150;550;200
Nystatin;Tablet;500000 IU;butir;Botol;15/12/2023;800;160;640;250
Olanzapine;Tablet;10 mg;butir;Botol;31/01/2024;300;50;250;100
Pravastatin;Tablet;40 mg;butir;Botol;10/11/2023;400;70;330;150
Risperidone;Tablet;1 mg;butir;Botol;25/06/2023;500;100;400;200
Simvastatin;Tablet;20 mg;butir;Botol;31/12/2024;600;120;480;200
Terazosin;Tablet;2 mg;butir;Botol;15/10/2023;700;150;550;250
Valacyclovir;Tablet;500 mg;butir;Botol;20/09/2024;800;160;640;300
Warfarin;Tablet;5 mg;butir;Botol;25/03/2024;500;100;400;150
Bupropion;Tablet;150 mg;butir;Botol;31/08/2023;600;110;490;200
Ciprofloxacin;Kapsul;500 mg;butir;Botol;10/04/2024;500;80;420;150
Duloxetine;Kapsul;30 mg;butir;Botol;20/11/2023;400;70;330;150
Gabapentin;Tablet;600 mg;butir;Botol;30/05/2024;700;;;
Ibuprofen;Tablet;400 mg;butir;Botol;15/12/2023;800;170;630;300
Lisinopril;Tablet;20 mg;butir;Botol;01/10/2023;300;50;250;100
Mirtazapine;Tablet;30 mg;butir;Botol;25/01/2024;400;80;320;150
Oxycodone;Tablet;5 mg;butir;Botol;10/09/2023;500;90;410;200
Paroxetine;Tablet;20 mg;butir;Botol;31/12/2024;600;120;480;200
Pregabalin;Kapsul;75 mg;butir;Botol;15/03/2024;700;130;570;250
Sildenafil;Tablet;50 mg;butir;Botol;30/07/2023;800;150;650;300
Topiramate;Tablet;100 mg;butir;Botol;10/11/2024;500;90;410;150
Verapamil;Tablet;80 mg;butir;Botol;25/06/2023;600;110;490;200
Zonisamide;Kapsul;100 mg;butir;Botol;31/01/2024;400;70;330;150
Amphetamine;Tablet;20 mg;butir;Botol;15/05/2024;500;80;420;200
Cefdinir;Kapsul;300 mg;butir;Botol;20/09/2023;600;120;480;150
Dexamethasone;Tablet;4 mg;butir;Botol;10/08/2024;700;130;570;250
Famotidine;Tablet;20 mg;butir;Botol;25/12/2023;800;160;640;300
Hydroxychloroquine;Tablet;200 mg;butir;Botol;31/10/2023;500;100;400;150
Loperamide;Tablet;2 mg;butir;Botol;15/01/2024;600;110;490;200
Mefenamic Acid;Tablet;500 mg;butir;Botol;30/06/2023;700;130;570;250
Nifedipine;Tablet;30 mg;butir;Botol;10/04/2024;800;170;630;300
Omeprazole;Tablet;40 mg;butir;Botol;25/09/2023;500;90;410;150
Phenylephrine;Tablet;10 mg;butir;Botol;31/12/2024;600;120;480;200
Ranitidine;Tablet;300 mg;butir;Botol;15/03/2024;700;150;550;250
Sulfasalazine;Tablet;500 mg;butir;Botol;30/07/2023;800;160;640;300
Triamcinolone;Tablet;4 mg;butir;Botol;10/11/2024;500;90;410;150
Vardenafil;Tablet;20 mg;butir;Botol;25/06/2023;600;110;490;200
Zolmitriptan;Tablet;2.5 mg;butir;Botol;31/01/2024;400;70;330;150
Budesonide;Inhalasi;100 mcg;mcg;Botol;15/10/2023;700;150;550;200
Clindamycin;Kapsul;300 mg;butir;Botol;01/11/2023;800;160;640;250
Erythromycin;Tablet;250 mg;butir;Botol;25/05/2024;500;90;410;150
Fentanyl;Patch;12 mcg/hr;mcg;Botol;30/07/2024;600;120;480;200
Hydromorphone;Tablet;4 mg;butir;Botol;15/09/2023;700;130;570;250
Isosorbide Dinitrate;Tablet;10 mg;butir;Botol;20/10/2024;800;160;640;300
Ketorolac;Injeksi;30 mg/ml;ml;Ampul;31/12/2023;500;80;420;150
Lamotrigine;Tablet;25 mg;butir;Botol;15/04/2024;600;110;490;200
Methocarbamol;Tablet;750 mg;butir;Botol;30/09/2023;700;130;570;250
Methylphenidate;Tablet;10 mg;butir;Botol;10/12/2024;800;170;630;300
Montelukast;Tablet;5 mg;butir;Botol;25/06/2023;500;90;410;150
Ondansetron;Tablet;8 mg;butir;Botol;31/01/2024;600;120;480;200
Prazosin;Tablet;1 mg;butir;Botol;15/11/2023;700;130;570;250
Quinapril;Tablet;10 mg;butir;Botol;30/03/2024;800;160;640;300
Roxithromycin;Tablet;150 mg;butir;Botol;15/07/2023;500;80;420;150
Tacrolimus;Kapsul;0.5 mg;butir;Botol;20/09/2023;600;120;480;200
Theophylline;Tablet;200 mg;butir;Botol;31/12/2024;700;150;550;250
Tolterodine;Tablet;4 mg;butir;Botol;15/03/2024;800;160;640;300
Ursodiol;Tablet;300 mg;butir;Botol;30/07/2023;500;90;410;150
Varenicline;Tablet;1 mg;butir;Botol;10/11/2024;600;120;480;200
Zidovudine;Tablet;300 mg;butir;Botol;25/06/2023;700;130;570;250
Atorvastatin;Tablet;10 mg;butir;Botol;15/05/2024;800;160;640;300
Baclofen;Kapsul;20 mg;butir;Botol;30/09/2023;600;120;480;200
Cefixime;Kapsul;200 mg;butir;Botol;10/12/2024;500;100;400;150
Dextromethorphan;Tablet;15 mg;butir;Botol;25/06/2023;700;130;570;250
Ethambutol;Tablet;400 mg;butir;Botol;31/01/2024;800;150;650;300
Fluconazole;Tablet;150 mg;butir;Botol;15/11/2023;500;90;410;150
Guaifenesin;Tablet;600 mg;butir;Botol;30/03/2024;600;120;480;200
Hydrochlorothiazide;Tablet;50 mg;butir;Botol;15/07/2023;700;150;550;250
Itraconazole;Kapsul;100 mg;butir;Botol;20/09/2023;800;170;630;300
Levetiracetam;Tablet;500 mg;butir;Botol;31/12/2024;500;80;420;150
Metformin;Kapsul;850 mg;butir;Botol;15/03/2024;600;110;490;200
Nortriptyline;Kapsul;25 mg;butir;Botol;30/07/2023;700;130;570;250
Oxybutynin;Tablet;5 mg;butir;Botol;10/11/2024;800;150;650;300
Pantoprazole;Tablet;20 mg;butir;Botol;25/06/2023;500;90;410;150
Rivaroxaban;Tablet;15 mg;butir;Botol;31/01/2024;600;120;480;200
Sotalol;Tablet;80 mg;butir;Botol;15/11/2023;700;150;550;250
Tamoxifen;Tablet;20 mg;butir;Botol;30/03/2024;800;160;640;300
Valproic Acid;Tablet;500 mg;butir;Botol;15/07/2023;500;80;420;150
Zaleplon;Kapsul;10 mg;butir;Botol;20/09/2023;600;110;490;200
Acetaminophen;Tablet;325 mg;butir;Botol;31/12/2024;700;130;570;250
Benazepril;Tablet;10 mg;butir;Botol;15/03/2024;800;150;650;300
Carisoprodol;Tablet;350 mg;butir;Botol;30/07/2023;500;90;410;150
Dexlansoprazole;Kapsul;60 mg;butir;Botol;10/11/2024;600;120;480;200
Famciclovir;Tablet;500 mg;butir;Botol;25/06/2023;700;130;570;250
Glimepiride;Tablet;2 mg;butir;Botol;31/01/2024;800;150;650;300
Hydromorphone;Injeksi;2 mg/ml;ml;Ampul;15/11/2023;500;80;420;150
Isoniazid;Tablet;300 mg;butir;Botol;30/03/2024;600;110;490;200
Ketoprofen;Tablet;200 mg;butir;Botol;15/07/2023;700;150;550;250
Lidocaine;Patch;5%;mcg;Botol;20/09/2023;800;160;640;300
Mometasone;Inhalasi;220 mcg;mcg;Botol;31/12/2024;500;90;410;150
Nebivolol;Tablet;5 mg;butir;Botol;15/03/2024;600;120;480;200
Olmesartan;Tablet;20 mg;butir;Botol;30/07/2023;700;130;570;250
Phenazopyridine;Tablet;100 mg;butir;Botol;10/11/2024;800;150;650;300
Ropinirole;Tablet;0.25 mg;butir;Botol;25/06/2023;500;80;420;150
Sildenafil;Tablet;100 mg;butir;Botol;31/01/2024;600;110;490;200
Tizanidine;Tablet;4 mg;butir;Botol;15/11/2023;700;130;570;250
Valsartan;Tablet;80 mg;butir;Botol;30/03/2024;800;160;640;300
Zolpidem;Tablet;5 mg;butir;Botol;15/07/2023;500;90;410;150
Amiodarone;Tablet;200 mg;butir;Botol;20/09/2023;600;120;480;200
Brimonidine;Injeksi;0.2%;ml;Botol;31/12/2024;700;130;570;250
Cetirizine;Tablet;5 mg;butir;Botol;15/03/2024;800;150;650;300
Doxazosin;Tablet;4 mg;butir;Botol;30/07/2023;500;80;420;150
Eszopiclone;Tablet;3 mg;butir;Botol;10/11/2024;600;110;490;200
Fluticasone;Inhalasi;250 mcg;mcg;Botol;25/06/2023;700;130;570;250
Haloperidol;Tablet;2 mg;butir;Botol;31/01/2024;800;150;650;300
Imipramine;Tablet;25 mg;butir;Botol;15/11/2023;500;90;410;150
Lansoprazole;Kapsul;30 mg;butir;Botol;30/03/2024;600;120;480;200
Methotrexate;Injeksi;25 mg/ml;ml;Ampul;15/07/2023;700;130;570;250
Nifedipine;Kapsul;10 mg;butir;Botol;20/09/2023;800;160;640;300
Phenylephrine;Injeksi;10 mg/ml;ml;Ampul;31/12/2024;500;80;420;150
Ramipril;Tablet;10 mg;butir;Botol;15/03/2024;600;110;490;200
Sitagliptin;Tablet;100 mg;butir;Botol;30/07/2023;700;150;550;250
Tetracycline;Kapsul;500 mg;butir;Botol;10/11/2024;800;170;630;300
Valganciclovir;Tablet;450 mg;butir;Botol;25/06/2023;500;90;410;150
Zonisamide;Kapsul;50 mg;butir;Botol;31/01/2024;600;120;480;200
Acyclovir;Kapsul;200 mg;butir;Botol;15/11/2023;700;130;570;250
Benztropine;Tablet;1 mg;butir;Botol;30/03/2024;800;150;650;300
Candesartan;Tablet;16 mg;butir;Botol;15/07/2023;500;80;420;150
Dexmethylphenidate;Tablet;5 mg;butir;Botol;20/09/2023;600;110;490;200
Fexofenadine;Tablet;180 mg;butir;Botol;31/12/2024;700;130;570;250
Gemfibrozil;Tablet;300 mg;butir;Botol;15/03/2024;800;150;650;300
Hydrochlorothiazide;Tablet;12.5 mg;butir;Botol;30/07/2023;500;90;410;150
Irbesartan;Tablet;150 mg;butir;Botol;10/11/2024;600;110;490;200
Levofloxacin;Kapsul;250 mg;butir;Botol;25/06/2023;700;130;570;250
Mometasone;Kapsul;50 mcg;mcg;Botol;31/01/2024;800;160;640;300
Nitroglycerin;Tablet;0.4 mg;butir;Botol;15/11/2023;500;80;420;150
Oxycodone;Kapsul;10 mg;butir;Botol;30/03/2024;600;120;480;200
Prednisolone;Tablet;5 mg;butir;Botol;15/07/2023;700;150;550;250
Raloxifene;Tablet;60 mg;butir;Botol;20/09/2023;800;170;630;300
Sertraline;Kapsul;100 mg;butir;Botol;31/12/2024;500;90;410;150
Tamsulosin;Kapsul;0.4 mg;butir;Botol;15/03/2024;600;120;480;200
Venlafaxine;Tablet;150 mg;butir;Botol;30/07/2023;700;130;570;250
Amantadine;Kapsul;100 mg;butir;Botol;25/06/2023;500;80;420;150
Betamethasone;Tablet;0.6 mg;butir;Botol;31/01/2024;600;110;490;200
Carvedilol;Tablet;12.5 mg;butir;Botol;15/11/2023;700;130;570;250
Diclofenac;Tablet;50 mg;butir;Botol;30/03/2024;800;160;640;300
Enalapril;Tablet;10 mg;butir;Botol;15/07/2023;500;90;410;150
Fluoxetine;Kapsul;20 mg;butir;Botol;20/09/2023;600;120;480;200
Gabapentin;Tablet;100 mg;butir;Botol;31/12/2024;700;130;570;250
Hydroxyurea;Kapsul;500 mg;butir;Botol;15/03/2024;800;150;650;300
Labetalol;Tablet;100 mg;butir;Botol;30/07/2023;500;80;420;150
Methimazole;Tablet;5 mg;butir;Botol;10/11/2024;600;110;490;200
Naproxen;Tablet;250 mg;butir;Botol;25/06/2023;700;130;570;250
Olanzapine;Tablet;5 mg;butir;Botol;31/01/2024;800;150;650;300
Propranolol;Tablet;10 mg;butir;Botol;15/11/2023;500;90;410;150
Quetiapine;Tablet;50 mg;butir;Botol;30/03/2024;600;120;480;200
Risperidone;Tablet;1 mg;butir;Botol;15/07/2023;700;150;550;250
Salmeterol;Inhalasi;25 mcg;mcg;Botol;20/09/2023;800;160;640;300
Temazepam;Kapsul;10 mg;butir;Botol;31/12/2024;500;80;420;150
Triazolam;Tablet;0.25 mg;butir;Botol;15/03/2024;600;110;490;200
Valsartan;Tablet;160 mg;butir;Botol;30/07/2023;700;130;570;250
Warfarin;Tablet;5 mg;butir;Botol;10/11/2024;800;150;650;300
Zidovudine;Tablet;100 mg;butir;Botol;25/06/2023;500;90;410;150
Amoxicillin;Kapsul;500 mg;butir;Botol;31/01/2024;600;120;480;200
Baclofen;Tablet;10 mg;butir;Botol;15/11/2023;700;130;570;250
Clarithromycin;Tablet;500 mg;butir;Botol;30/03/2024;800;160;640;300
Desloratadine;Tablet;5 mg;butir;Botol;15/07/2023;500;80;420;150
Ezetimibe;Tablet;10 mg;butir;Botol;20/09/2023;600;110;490;200
Fluphenazine;Injeksi;25 mg/ml;ml;Ampul;31/12/2024;700;130;570;250
Hydrochlorothiazide;Kapsul;25 mg;butir;Botol;15/03/2024;800;150;650;300
Indomethacin;Kapsul;50 mg;butir;Botol;30/07/2023;500;80;420;150
Levothyroxine;Tablet;50 mcg;mcg;Botol;10/11/2024;600;110;490;200
Metoprolol;Tablet;50 mg;butir;Botol;25/06/2023;700;130;570;250
Nortriptyline;Tablet;10 mg;butir;Botol;31/01/2024;800;160;640;300
Oxcarbazepine;Tablet;300 mg;butir;Botol;15/11/2023;500;90;410;150
Pramipexole;Tablet;0.125 mg;butir;Botol;30/03/2024;600;120;480;200
Rosuvastatin;Tablet;5 mg;butir;Botol;15/07/2023;700;150;550;250
Simvastatin;Tablet;20 mg;butir;Botol;20/09/2023;800;160;640;300
Trazodone;Tablet;50 mg;butir;Botol;31/12/2024;500;90;410;150
Venlafaxine;Kapsul;75 mg;butir;Botol;15/03/2024;600;120;480;200
Ziprasidone;Kapsul;20 mg;butir;Botol;30/07/2023;700;130;570;250
Alprazolam;Tablet;0.5 mg;butir;Botol;10/11/2024;800;150;650;300
Betahistine;Tablet;8 mg;butir;Botol;25/06/2023;500;80;420;150
Celecoxib;Kapsul;200 mg;butir;Botol;31/01/2024;600;110;490;200
Diltiazem;Tablet;30 mg;butir;Botol;15/11/2023;700;130;570;250
Eplerenone;Tablet;25 mg;butir;Botol;30/03/2024;800;160;640;300
Finasteride;Tablet;5 mg;butir;Botol;15/07/2023;500;90;410;150
Granisetron;Kapsul;1 mg;butir;Botol;20/09/2023;600;120;480;200
Hydrocortisone;Tablet;10 mg;butir;Botol;31/12/2024;700;130;570;250
Ipratropium;Inhalasi;20 mcg;mcg;Botol;15/03/2024;800;150;650;300
Ketoconazole;Tablet;200 mg;butir;Botol;30/07/2023;500;80;420;150
Labetalol;Kapsul;200 mg;butir;Botol;10/11/2024;600;110;490;200
Methadone;Tablet;5 mg;butir;Botol;25/06/2023;700;130;570;250
Niacin;Tablet;500 mg;butir;Botol;31/01/2024;800;150;650;300
Ondansetron;Kapsul;4 mg;butir;Botol;15/11/2023;500;90;410;150
Phenobarbital;Injeksi;130 mg/ml;ml;Ampul;30/03/2024;600;120;480;200
Quetiapine;Kapsul;25 mg;butir;Botol;15/07/2023;700;150;550;250
Ranitidine;Injeksi;50 mg/2ml;ml;Ampul;20/09/2023;800;170;630;300
Sildenafil;Kapsul;25 mg;butir;Botol;31/12/2024;500;90;410;150
Tetrabenazine;Tablet;25 mg;butir;Botol;15/03/2024;600;120;480;200
Vigabatrin;Kapsul;500 mg;butir;Botol;30/07/2023;700;130;570;250
Amitriptyline;Tablet;25 mg;butir;Botol;31/10/2023;500;90;410;150
Bisoprolol;Tablet;5 mg;butir;Botol;31/12/2023;600;110;490;200
Candesartan;Tablet;16 mg;butir;Botol;31/01/2024;700;130;570;250
Dexmedetomidine;Injeksi;100 mcg/ml;ml;Ampul;28/02/2024;800;150;650;300
Etoposide;Kapsul;50 mg;butir;Botol;31/03/2024;500;80;420;150
Felodipine;Tablet;5 mg;butir;Botol;30/04/2024;600;120;480;200
Gliclazide;Tablet;30 mg;butir;Botol;31/05/2024;700;130;570;250
Haloperidol;Injeksi;5 mg/ml;ml;Ampul;30/06/2024;800;160;640;300
Isosorbide Mononitrate;Tablet;20 mg;butir;Botol;31/07/2024;500;90;410;150
Loperamide;Tablet;2 mg;butir;Botol;31/08/2024;600;120;480;200
Methocarbamol;Tablet;500 mg;butir;Botol;30/09/2024;700;130;570;250
Nitroglycerin;Tablet;0.4 mg;butir;Botol;31/10/2024;800;150;650;300
Oxymetazoline;Nasal Spray;0.05%;ml;Botol;30/11/2024;500;80;420;150
Prochlorperazine;Tablet;5 mg;butir;Botol;31/12/2024;600;110;490;200
Quinapril;Tablet;10 mg;butir;Botol;31/01/2025;700;130;570;250
Risperidone;Tablet;2 mg;butir;Botol;28/02/2025;800;150;650;300
Sumatriptan;Tablet;50 mg;butir;Botol;31/03/2025;500;80;420;150
Tacrolimus;Kapsul;1 mg;butir;Botol;30/04/2025;600;120;480;200
Varenicline;Tablet;1 mg;butir;Botol;31/05/2025;700;130;570;250
Zonisamide;Kapsul;100 mg;butir;Botol;30/06/2025;800;150;650;300
Abacavir;Tablet;300 mg;butir;Botol;31/07/2025;500;90;410;150
Beclomethasone;Inhalasi;50 mcg;mcg;Botol;31/08/2025;600;120;480;200
Clomiphene;Tablet;50 mg;butir;Botol;30/09/2025;700;130;570;250
Doxorubicin;Injeksi;2 mg/ml;ml;Ampul;31/10/2025;800;160;640;300
Etanercept;Injeksi;50 mg/ml;ml;Ampul;30/11/2025;500;80;420;150
Fluticasone;Inhalasi;125 mcg;mcg;Botol;31/12/2025;600;110;490;200
Goserelin;Implan;3.6 mg;mg;Ampul;31/01/2026;700;130;570;250
Hydroxychloroquine;Tablet;200 mg;butir;Botol;28/02/2026;800;150;650;300
Ibrutinib;Kapsul;140 mg;butir;Botol;31/03/2026;500;80;420;150
Lamivudine;Tablet;150 mg;butir;Botol;30/04/2026;600;120;480;200
Meclizine;Tablet;25 mg;butir;Botol;31/05/2026;700;130;570;250
Nilotinib;Kapsul;200 mg;butir;Botol;30/06/2026;800;160;640;300
Orlistat;Kapsul;120 mg;butir;Botol;31/07/2026;500;90;410;150
Prasugrel;Tablet;10 mg;butir;Botol;31/08/2026;600;120;480;200
Rabeprazole;Tablet;20 mg;butir;Botol;30/09/2026;700;130;570;250
Tamsulosin;Kapsul;0.4 mg;butir;Botol;31/10/2026;800;150;650;300
Valganciclovir;Tablet;450 mg;butir;Botol;30/11/2026;500;80;420;150
Xarelto;Tablet;20 mg;butir;Botol;31/12/2026;600;110;490;200
Zolmitriptan;Tablet;2.5 mg;butir;Botol;31/01/2027;700;130;570;250
Alendronate;Tablet;70 mg;butir;Botol;28/02/2027;800;150;650;300
Betaxolol;Tablet;10 mg;butir;Botol;31/03/2027;500;80;420;150
Cefixime;Kapsul;200 mg;butir;Botol;30/04/2027;600;120;480;200
Darunavir;Tablet;800 mg;butir;Botol;31/05/2027;700;130;570;250
Eszopiclone;Tablet;3 mg;butir;Botol;30/06/2027;800;160;640;300
Fenofibrate;Tablet;145 mg;butir;Botol;31/07/2027;500;90;410;150
Guaifenesin;Syrup;100 mg/5ml;ml;Botol;31/08/2027;600;120;480;200
Hydralazine;Tablet;25 mg;butir;Botol;30/09/2027;700;130;570;250
Imatinib;Tablet;400 mg;butir;Botol;31/10/2027;800;150;650;300
Lidocaine;Patch;5%;mcg;Botol;30/11/2027;500;80;420;150
Meloxicam;Tablet;15 mg;butir;Botol;31/12/2027;600;110;490;200
Nifedipine;Tablet;30 mg;butir;Botol;31/01/2028;700;130;570;250
Oxybutynin;Tablet;5 mg;butir;Botol;28/02/2028;800;150;650;300
Pioglitazone;Tablet;30 mg;butir;Botol;31/03/2028;500;80;420;150
Ramelteon;Tablet;8 mg;butir;Botol;30/04/2028;600;120;480;200
Sacubitril;Tablet;24 mg;butir;Botol;31/05/2028;700;130;570;250
Tolterodine;Tablet;4 mg;butir;Botol;30/06/2028;800;160;640;300
Ursodiol;Kapsul;300 mg;butir;Botol;31/07/2028;500;90;410;150
Voriconazole;Tablet;200 mg;butir;Botol;31/08/2028;600;120;480;200
Alprazolam;Tablet;0.25 mg;butir;Botol;30/09/2028;700;130;570;250
Budesonide;Inhalasi;200 mcg;mcg;Botol;31/10/2028;800;150;650;300
Cilostazol;Tablet;100 mg;butir;Botol;30/11/2028;500;80;420;150
Dapagliflozin;Tablet;10 mg;butir;Botol;31/12/2028;600;110;490;200
Fluvoxamine;Tablet;100 mg;butir;Botol;28/02/2029;800;150;650;300
Gadobutrol;Injeksi;1 mmol/ml;ml;Ampul;31/03/2029;500;80;420;150
Hydroxyzine;Tablet;25 mg;butir;Botol;30/04/2029;600;120;480;200
Itraconazole;Kapsul;100 mg;butir;Botol;31/05/2029;700;130;570;250
Lurasidone;Tablet;40 mg;butir;Botol;30/06/2029;800;160;640;300
Mupirocin;Ointment;2%;mg;Tube;31/07/2029;500;90;410;150
Nicardipine;Kapsul;20 mg;butir;Botol;31/08/2029;600;120;480;200
Olanzapine;Tablet;5 mg;butir;Botol;30/09/2029;700;130;570;250
Pregabalin;Kapsul;75 mg;butir;Botol;31/10/2029;800;150;650;300
Ritonavir;Tablet;100 mg;butir;Botol;30/11/2029;500;80;420;150
Sildenafil;Tablet;20 mg;butir;Botol;31/12/2029;600;110;490;200
Topiramate;Tablet;50 mg;butir;Botol;31/01/2030;700;130;570;250
Vortioxetine;Tablet;10 mg;butir;Botol;28/02/2030;800;150;650;300
Zafirlukast;Tablet;20 mg;butir;Botol;31/03/2030;500;80;420;150
Amikacin;Injeksi;250 mg/ml;ml;Ampul;30/04/2030;600;120;480;200
Bosentan;Tablet;62.5 mg;butir;Botol;31/05/2030;700;130;570;250
Cyclobenzaprine;Tablet;10 mg;butir;Botol;30/06/2030;800;160;640;300
Dabigatran;Kapsul;150 mg;butir;Botol;31/07/2030;500;90;410;150
Efavirenz;Tablet;600 mg;butir;Botol;31/08/2030;600;120;480;200
Fluphenazine;Injeksi;25 mg/ml;ml;Ampul;30/09/2030;700;130;570;250
Ganciclovir;Injeksi;500 mg;mg;Ampul;31/10/2030;800;150;650;300
Heparin;Injeksi;1000 IU/ml;ml;Ampul;30/11/2030;500;80;420;150
Indapamide;Tablet;2.5 mg;butir;Botol;31/12/2030;600;110;490;200
Levetiracetam;Tablet;500 mg;butir;Botol;31/01/2031;700;130;570;250
Meropenem;Injeksi;1 g;g;Ampul;28/02/2031;800;150;650;300
Naltrexone;Tablet;50 mg;butir;Botol;31/03/2031;500;80;420;150
Oxycodone;Tablet;10 mg;butir;Botol;30/04/2031;600;120;480;200
Pentoxifylline;Tablet;400 mg;butir;Botol;31/05/2031;700;130;570;250
Rivaroxaban;Tablet;10 mg;butir;Botol;30/06/2031;800;160;640;300
Sitagliptin;Tablet;100 mg;butir;Botol;31/07/2031;500;90;410;150
Temazepam;Kapsul;30 mg;butir;Botol;31/08/2031;600;120;480;200
Vigabatrin;Tablet;500 mg;butir;Botol;30/09/2031;700;130;570;250
Albuterol;Inhalasi;90 mcg;mcg;Botol;31/10/2031;800;150;650;300
Baclofen;Tablet;10 mg;butir;Botol;30/11/2031;500;80;420;150
Calcitriol;Kapsul;0.25 mcg;mcg;Botol;31/12/2031;600;110;490;200
Doxepin;Kapsul;25 mg;butir;Botol;31/01/2032;700;130;570;250
Empagliflozin;Tablet;10 mg;butir;Botol;29/02/2032;800;150;650;300
Felodipine;Tablet;5 mg;butir;Botol;31/03/2032;500;80;420;150
Gabapentin;Tablet;300 mg;butir;Botol;30/04/2032;600;120;480;200
Hydrochlorothiazide;Tablet;25 mg;butir;Botol;31/05/2032;700;130;570;250
Ibuprofen;Tablet;400 mg;butir;Botol;30/06/2032;800;160;640;300
Levofloxacin;Tablet;500 mg;butir;Botol;31/07/2032;500;90;410;150
Metformin;Tablet;500 mg;butir;Botol;31/08/2032;600;120;480;200
Nifedipine;Tablet;30 mg;butir;Botol;30/09/2032;700;130;570;250
Ondansetron;Tablet;8 mg;butir;Botol;31/10/2032;800;150;650;300
Paroxetine;Tablet;20 mg;butir;Botol;30/11/2032;500;80;420;150
Quetiapine;Tablet;100 mg;butir;Botol;31/12/2032;600;110;490;200
Rosuvastatin;Tablet;20 mg;butir;Botol;31/01/2033;700;130;570;250
Spironolactone;Tablet;25 mg;butir;Botol;28/02/2033;800;150;650;300
Tramadol;Tablet;50 mg;butir;Botol;31/03/2033;500;80;420;150
Valsartan;Tablet;80 mg;butir;Botol;30/04/2033;600;120;480;200
Warfarin;Tablet;5 mg;butir;Botol;31/05/2033;700;130;570;250
Zolpidem;Tablet;10 mg;butir;Botol;30/06/2033;800;160;640;300
Amlodipine;Tablet;10 mg;butir;Botol;31/07/2033;500;90;410;150
Bupropion;Tablet;150 mg;butir;Botol;31/08/2033;600;120;480;200
Cefuroxime;Tablet;500 mg;butir;Botol;30/09/2033;700;130;570;250
Diltiazem;Tablet;60 mg;butir;Botol;31/10/2033;800;150;650;300
Ezetimibe;Tablet;10 mg;butir;Botol;30/11/2033;500;80;420;150
Furosemide;Tablet;40 mg;butir;Botol;31/12/2033;600;110;490;200
Glipizide;Tablet;10 mg;butir;Botol;31/01/2034;700;130;570;250
Hydrocodone;Tablet;5 mg;butir;Botol;29/02/2034;800;150;650;300
Isosorbide Dinitrate;Tablet;20 mg;butir;Botol;31/03/2034;500;80;420;150
Ketorolac;Tablet;10 mg;butir;Botol;30/04/2034;600;120;480;200
Levothyroxine;Tablet;100 mcg;butir;Botol;31/05/2034;700;130;570;250
Naproxen;Tablet;500 mg;butir;Botol;31/07/2034;500;90;410;150
Olmesartan;Tablet;20 mg;butir;Botol;31/08/2034;600;120;480;200
Pantoprazole;Tablet;40 mg;butir;Botol;30/09/2034;700;130;570;250
Ranitidine;Tablet;150 mg;butir;Botol;31/10/2034;800;150;650;300
Simvastatin;Tablet;20 mg;butir;Botol;30/11/2034;500;80;420;150
Trazodone;Tablet;50 mg;butir;Botol;31/12/2034;600;110;490;200
Vardenafil;Tablet;20 mg;butir;Botol;31/01/2035;700;130;570;250
Ziprasidone;Tablet;20 mg;butir;Botol;28/02/2035;800;150;650;300
Acetaminophen;Tablet;500 mg;butir;Botol;31/03/2035;500;80;420;150
Benzonatate;Kapsul;100 mg;butir;Botol;30/04/2035;600;120;480;200
Ciprofloxacin;Tablet;500 mg;butir;Botol;31/05/2035;700;130;570;250
Dexamethasone;Tablet;4 mg;butir;Botol;30/06/2035;800;160;640;300
Enalapril;Tablet;10 mg;butir;Botol;31/07/2035;500;90;410;150
Fluoxetine;Kapsul;20 mg;butir;Botol;31/08/2035;600;120;480;200
Glyburide;Tablet;5 mg;butir;Botol;30/09/2035;700;130;570;250
Hydromorphone;Tablet;4 mg;butir;Botol;31/10/2035;800;150;650;300
Isotretinoin;Kapsul;10 mg;butir;Botol;30/11/2035;500;80;420;150
Ketoconazole;Tablet;200 mg;butir;Botol;31/12/2035;600;110;490;200
Lisinopril;Tablet;20 mg;butir;Botol;31/01/2036;700;130;570;250
Metoprolol;Tablet;50 mg;butir;Botol;29/02/2036;800;150;650;300
Naproxen;Tablet;250 mg;butir;Botol;31/03/2036;500;80;420;150
Oxycodone;Tablet;5 mg;butir;Botol;30/04/2036;600;120;480;200
Propranolol;Tablet;40 mg;butir;Botol;31/05/2036;700;130;570;250
Ropinirole;Tablet;2 mg;butir;Botol;30/06/2036;800;160;640;300
Sotalol;Tablet;80 mg;butir;Botol;31/07/2036;500;90;410;150
Tramadol;Tablet;100 mg;butir;Botol;31/08/2036;600;120;480;200
Valsartan;Tablet;160 mg;butir;Botol;30/09/2036;700;130;570;250
Warfarin;Tablet;1 mg;butir;Botol;31/10/2036;800;150;650;300
Zolpidem;Tablet;5 mg;butir;Botol;30/11/2036;500;80;420;150
Albuterol;Inhalasi;108 mcg;mcg;Botol;31/12/2036;600;110;490;200
Betamethasone;Injeksi;4 mg/ml;ml;Ampul;31/01/2037;700;130;570;250
Cetirizine;Tablet;10 mg;butir;Botol;28/02/2037;800;150;650;300
Doxycycline;Tablet;100 mg;butir;Botol;31/03/2037;500;80;420;150
Esomeprazole;Tablet;20 mg;butir;Botol;30/04/2037;600;120;480;200
Fentanyl;Patch;25 mcg/hr;mcg;Paket;31/05/2037;700;130;570;250
Gemfibrozil;Tablet;600 mg;butir;Botol;30/06/2037;800;160;640;300
Hydralazine;Tablet;50 mg;butir;Botol;31/07/2037;500;90;410;150
Indomethacin;Kapsul;25 mg;butir;Botol;31/08/2037;600;120;480;200
Levetiracetam;Tablet;250 mg;butir;Botol;30/09/2037;700;130;570;250
Methadone;Tablet;5 mg;butir;Botol;31/10/2037;800;150;650;300
Nitroglycerin;Tablet;0.3 mg;butir;Botol;30/11/2037;500;80;420;150
Omeprazole;Tablet;20 mg;butir;Botol;31/12/2037;600;110;490;200
Phenobarbital;Tablet;30 mg;butir;Botol;31/01/2038;700;130;570;250
Quinapril;Tablet;5 mg;butir;Botol;28/02/2038;800;150;650;300
Risperidone;Tablet;1 mg;butir;Botol;31/03/2038;500;80;420;150
Simvastatin;Tablet;10 mg;butir;Botol;30/04/2038;600;120;480;200
Tizanidine;Tablet;4 mg;butir;Botol;31/05/2038;700;130;570;250
Varenicline;Tablet;0.5 mg;butir;Botol;30/06/2038;800;160;640;300
Ziprasidone;Kapsul;40 mg;butir;Botol;31/07/2038;500;90;410;150
Acetazolamide;Tablet;250 mg;butir;Botol;31/08/2038;600;120;480;200
Baclofen;Tablet;5 mg;butir;Botol;30/09/2038;700;130;570;250
Captopril;Tablet;25 mg;butir;Botol;31/10/2038;800;150;650;300
Diazepam;Tablet;5 mg;butir;Botol;30/11/2038;500;80;420;150
Ephedrine;Injeksi;50 mg/ml;ml;Ampul;31/12/2038;600;110;490;200
Famotidine;Tablet;20 mg;butir;Botol;31/01/2039;700;130;570;250
Glimepiride;Tablet;2 mg;butir;Botol;28/02/2039;800;150;650;300
Haloperidol;Tablet;2 mg;butir;Botol;31/03/2039;500;80;420;150
Isoniazid;Tablet;300 mg;butir;Botol;30/04/2039;600;120;480;200
Labetalol;Tablet;200 mg;butir;Botol;31/05/2039;700;130;570;250
Methocarbamol;Tablet;750 mg;butir;Botol;30/06/2039;800;160;640;300
Nifedipine;Tablet;10 mg;butir;Botol;31/07/2039;500;90;410;150
Oxcarbazepine;Tablet;300 mg;butir;Botol;31/08/2039;600;120;480;200
Prednisolone;Tablet;5 mg;butir;Botol;30/09/2039;700;130;570;250
Ramipril;Tablet;10 mg;butir;Botol;31/10/2039;800;150;650;300
Sildenafil;Tablet;50 mg;butir;Botol;30/11/2039;500;80;420;150
Valsartan;Tablet;320 mg;butir;Botol;31/01/2040;700;130;570;250
Warfarin;Tablet;2 mg;butir;Botol;29/02/2040;800;150;650;300
Zolpidem;Tablet;10 mg;butir;Botol;31/03/2040;500;80;420;150
Atenolol;Tablet;50 mg;butir;Botol;30/04/2040;600;120;480;200
Benzonatate;Kapsul;200 mg;butir;Botol;31/05/2040;700;130;570;250
Cefdinir;Kapsul;300 mg;butir;Botol;30/06/2040;800;160;640;300
Digoxin;Tablet;0.25 mg;butir;Botol;31/07/2040;500;90;410;150
Enoxaparin;Injeksi;100 mg/ml;ml;Ampul;31/08/2040;600;120;480;200
Fluticasone;Inhalasi;125 mcg;mcg;Botol;30/09/2040;700;130;570;250
Gemfibrozil;Tablet;600 mg;butir;Botol;31/10/2040;800;150;650;300
Hydrochlorothiazide;Tablet;12.5 mg;butir;Botol;30/11/2040;500;80;420;150
Indomethacin;Kapsul;50 mg;butir;Botol;31/12/2040;600;110;490;200
Levofloxacin;Tablet;750 mg;butir;Botol;31/01/2041;700;130;570;250
Methocarbamol;Tablet;500 mg;butir;Botol;28/02/2041;800;150;650;300
Naproxen;Tablet;275 mg;butir;Botol;31/03/2041;500;80;420;150
Omeprazole;Tablet;10 mg;butir;Botol;30/04/2041;600;120;480;200
Prednisone;Tablet;20 mg;butir;Botol;31/05/2041;700;130;570;250
Risperidone;Tablet;2 mg;butir;Botol;30/06/2041;800;160;640;300
Simvastatin;Tablet;40 mg;butir;Botol;31/07/2041;500;90;410;150
Tizanidine;Tablet;2 mg;butir;Botol;31/08/2041;600;120;480;200
Valsartan;Tablet;80 mg;butir;Botol;30/09/2041;700;130;570;250
Warfarin;Tablet;3 mg;butir;Botol;31/10/2041;800;150;650;300
Zolpidem;Tablet;5 mg;butir;Botol;30/11/2041;500;80;420;150
Atenolol;Tablet;25 mg;butir;Botol;31/12/2041;600;110;490;200
Benzonatate;Kapsul;100 mg;butir;Botol;31/01/2042;700;130;570;250
Cefdinir;Kapsul;300 mg;butir;Botol;28/02/2042;800;150;650;300
Digoxin;Tablet;0.125 mg;butir;Botol;31/03/2042;500;80;420;150
Enoxaparin;Injeksi;40 mg/ml;ml;Ampul;30/04/2042;600;120;480;200
Fluticasone;Inhalasi;50 mcg;mcg;Botol;31/05/2042;700;130;570;250
Gemfibrozil;Tablet;600 mg;butir;Botol;30/06/2042;800;150;650;300
Hydrochlorothiazide;Tablet;25 mg;butir;Botol;31/07/2042;500;80;420;150
Indomethacin;Kapsul;75 mg;butir;Botol;31/08/2042;600;110;490;200
Levofloxacin;Tablet;250 mg;butir;Botol;30/09/2042;700;130;570;250
Methocarbamol;Tablet;750 mg;butir;Botol;31/10/2042;800;150;650;300
Naproxen;Tablet;500 mg;butir;Botol;30/11/2042;500;80;420;150
Omeprazole;Tablet;40 mg;butir;Botol;31/12/2042;600;110;490;200
Prednisone;Tablet;10 mg;butir;Botol;31/01/2043;700;130;570;250
Risperidone;Tablet;4 mg;butir;Botol;28/02/2043;800;150;650;300
Simvastatin;Tablet;80 mg;butir;Botol;31/03/2043;500;80;420;150
Tizanidine;Tablet;4 mg;butir;Botol;30/04/2043;600;120;480;200
Valsartan;Tablet;160 mg;butir;Botol;31/05/2043;700;130;570;250
Warfarin;Tablet;5 mg;butir;Botol;30/06/2043;800;150;650;300
Zolpidem;Tablet;10 mg;butir;Botol;31/07/2043;500;80;420;150
Atenolol;Tablet;100 mg;butir;Botol;31/08/2043;600;110;490;200
Benzonatate;Kapsul;200 mg;butir;Botol;30/09/2043;700;130;570;250
Cefdinir;Kapsul;300 mg;butir;Botol;31/10/2043;800;150;650;300
Digoxin;Tablet;0.25 mg;butir;Botol;30/11/2043;500;80;420;150
Enoxaparin;Injeksi;100 mg/ml;ml;Ampul;31/12/2043;600;110;490;200
Fluticasone;Inhalasi;125 mcg;mcg;Botol;31/01/2044;700;130;570;250
Gemfibrozil;Tablet;600 mg;butir;Botol;29/02/2044;800;150;650;300
Hydrochlorothiazide;Tablet;12.5 mg;butir;Botol;31/03/2044;500;80;420;150
Indomethacin;Kapsul;50 mg;butir;Botol;30/04/2044;600;110;490;200
Levofloxacin;Tablet;750 mg;butir;Botol;31/05/2044;700;130;570;250
Methocarbamol;Tablet;500 mg;butir;Botol;30/06/2044;800;150;650;300
Naproxen;Tablet;275 mg;butir;Botol;31/07/2044;500;80;420;150
Omeprazole;Tablet;10 mg;butir;Botol;31/08/2044;600;120;480;200
Prednisone;Tablet;20 mg;butir;Botol;30/09/2044;700;130;570;250
Risperidone;Tablet;2 mg;butir;Botol;31/10/2044;800;160;640;300
Simvastatin;Tablet;40 mg;butir;Botol;30/11/2044;500;90;410;150
Tizanidine;Tablet;2 mg;butir;Botol;31/12/2044;600;120;480;200
Valsartan;Tablet;80 mg;butir;Botol;31/08/2044;700;130;570;250
Warfarin;Tablet;3 mg;butir;Botol;30/09/2044;800;150;650;300
Zolpidem;Tablet;5 mg;butir;Botol;31/10/2044;500;80;420;150
Atenolol;Tablet;25 mg;butir;Botol;30/11/2044;600;110;490;200
Benzonatate;Kapsul;100 mg;butir;Botol;31/12/2044;700;130;570;250
Cefdinir;Kapsul;300 mg;butir;Botol;31/01/2045;800;150;650;300
Digoxin;Tablet;0.125 mg;butir;Botol;28/02/2045;500;80;420;150
Enoxaparin;Injeksi;40 mg/ml;ml;Ampul;31/03/2045;600;120;480;200
Fluticasone;Inhalasi;50 mcg;mcg;Botol;30/04/2045;700;130;570;250
Gemfibrozil;Tablet;600 mg;butir;Botol;31/05/2045;800;150;650;300
Hydrochlorothiazide;Tablet;25 mg;butir;Botol;30/06/2045;500;80;420;150
Indomethacin;Kapsul;75 mg;butir;Botol;31/07/2045;600;110;490;200
Levofloxacin;Tablet;250 mg;butir;Botol;31/08/2045;700;130;570;250
Methocarbamol;Tablet;750 mg;butir;Botol;30/09/2045;800;150;650;300
Naproxen;Tablet;500 mg;butir;Botol;31/10/2045;500;80;420;150
Omeprazole;Tablet;10 mg;butir;Botol;30/11/2045;600;120;480;200
Prednisone;Tablet;20 mg;butir;Botol;31/12/2045;700;130;570;250
Risperidone;Tablet;2 mg;butir;Botol;31/01/2046;800;160;640;300
Simvastatin;Tablet;40 mg;butir;Botol;28/02/2046;500;90;410;150
Tizanidine;Tablet;2 mg;butir;Botol;31/03/2046;600;120;480;200
Valsartan;Tablet;160 mg;butir;Botol;30/04/2046;700;130;570;250
Warfarin;Tablet;5 mg;butir;Botol;31/05/2046;800;150;650;300
Zolpidem;Tablet;10 mg;butir;Botol;30/06/2046;500;80;420;150
Atenolol;Tablet;100 mg;butir;Botol;31/07/2046;600;110;490;200
Benzonatate;Kapsul;200 mg;butir;Botol;31/08/2046;700;130;570;250
Cefdinir;Kapsul;300 mg;butir;Botol;30/09/2046;800;150;650;300
Digoxin;Tablet;0.25 mg;butir;Botol;31/10/2046;500;80;420;150
Enoxaparin;Injeksi;100 mg/ml;ml;Ampul;30/11/2046;600;110;490;200
Fluticasone;Inhalasi;125 mcg;mcg;Botol;31/12/2046;700;130;570;250
Gemfibrozil;Tablet;600 mg;butir;Botol;31/01/2047;800;150;650;300
Hydrochlorothiazide;Tablet;12.5 mg;butir;Botol;28/02/2047;500;80;420;150
Indomethacin;Kapsul;50 mg;butir;Botol;31/03/2047;600;110;490;200
Levofloxacin;Tablet;750 mg;butir;Botol;30/04/2047;700;130;570;250
Methocarbamol;Tablet;500 mg;butir;Botol;31/05/2047;800;150;650;300
Naproxen;Tablet;275 mg;butir;Botol;30/06/2047;500;80;420;150
Omeprazole;Tablet;10 mg;butir;Botol;31/07/2047;600;120;480;200
Prednisone;Tablet;20 mg;butir;Botol;31/08/2047;700;130;570;250
Risperidone;Tablet;2 mg;butir;Botol;30/09/2047;800;160;640;300
Simvastatin;Tablet;40 mg;butir;Botol;31/10/2047;500;90;410;150
Tizanidine;Tablet;2 mg;butir;Botol;30/11/2047;600;120;480;200
Valsartan;Tablet;160 mg;butir;Botol;31/12/2047;700;130;570;250
Warfarin;Tablet;5 mg;butir;Botol;31/01/2048;800;150;650;300
Zolpidem;Tablet;10 mg;butir;Botol;29/02/2048;500;80;420;150
Atenolol;Tablet;100 mg;butir;Botol;31/03/2048;600;110;490;200
Benzonatate;Kapsul;200 mg;butir;Botol;30/04/2048;700;130;570;250
Cefdinir;Kapsul;300 mg;butir;Botol;31/05/2048;800;150;650;300
Digoxin;Tablet;0.25 mg;butir;Botol;30/06/2048;500;80;420;150
Enoxaparin;Injeksi;100 mg/ml;ml;Ampul;31/07/2048;600;110;490;200
Fluticasone;Inhalasi;125 mcg;mcg;Botol;31/08/2048;700;130;570;250
Gemfibrozil;Tablet;600 mg;butir;Botol;30/09/2048;800;150;650;300
Hydrochlorothiazide;Tablet;12.5 mg;butir;Botol;31/10/2048;500;80;420;150
Indomethacin;Kapsul;50 mg;butir;Botol;30/11/2048;600;110;490;200
Levofloxacin;Tablet;750 mg;butir;Botol;31/12/2048;700;130;570;250
Methocarbamol;Tablet;500 mg;butir;Botol;31/01/2049;800;150;650;300
Naproxen;Tablet;275 mg;butir;Botol;28/02/2049;500;80;420;150
Omeprazole;Tablet;10 mg;butir;Botol;31/03/2049;600;120;480;200
Prednisone;Tablet;20 mg;butir;Botol;30/04/2049;700;130;570;250
Risperidone;Tablet;2 mg;butir;Botol;31/05/2049;800;160;640;300
Simvastatin;Tablet;40 mg;butir;Botol;30/06/2049;500;90;410;150
Tizanidine;Tablet;2 mg;butir;Botol;31/07/2049;600;120;480;200
Valsartan;Tablet;160 mg;butir;Botol;31/08/2049;700;130;570;250
Warfarin;Tablet;5 mg;butir;Botol;30/09/2049;800;150;650;300
Zolpidem;Tablet;10 mg;butir;Botol;31/10/2049;500;80;420;150
Atenolol;Tablet;100 mg;butir;Botol;30/11/2049;600;110;490;200
Benzonatate;Kapsul;200 mg;butir;Botol;31/12/2049;700;130;570;250
Cefdinir;Kapsul;300 mg;butir;Botol;31/01/2050;800;150;650;300
Digoxin;Tablet;0.25 mg;butir;Botol;28/02/2050;500;80;420;150
Enoxaparin;Injeksi;100 mg/ml;ml;Ampul;31/03/2050;600;110;490;200
Fluticasone;Inhalasi;125 mcg;mcg;Botol;30/04/2050;700;130;570;250
Gemfibrozil;Tablet;600 mg;butir;Botol;31/05/2050;800;150;650;300
Hydrochlorothiazide;Tablet;12.5 mg;butir;Botol;30/06/2050;500;80;420;150
Indomethacin;Kapsul;50 mg;butir;Botol;31/07/2050;600;110;490;200
Levofloxacin;Tablet;750 mg;butir;Botol;31/08/2050;700;130;570;250
Methocarbamol;Tablet;500 mg;butir;Botol;30/09/2050;800;150;650;300
Naproxen;Tablet;275 mg;butir;Botol;31/10/2050;500;80;420;150
Omeprazole;Tablet;10 mg;butir;Botol;30/11/2050;600;120;480;200
Prednisone;Tablet;20 mg;butir;Botol;31/12/2050;700;130;570;250
Risperidone;Tablet;2 mg;butir;Botol;31/01/2051;800;160;640;300
Simvastatin;Tablet;40 mg;butir;Botol;28/02/2051;500;90;410;150
Tizanidine;Tablet;2 mg;butir;Botol;31/03/2051;600;120;480;200
Valsartan;Tablet;160 mg;butir;Botol;30/04/2051;700;130;570;250
Warfarin;Tablet;5 mg;butir;Botol;31/05/2051;800;150;650;300
Zolpidem;Tablet;10 mg;butir;Botol;30/06/2051;500;80;420;150
Atenolol;Tablet;100 mg;butir;Botol;31/07/2051;600;110;490;200
Benzonatate;Kapsul;200 mg;butir;Botol;31/08/2051;700;130;570;250
Cefdinir;Kapsul;300 mg;butir;Botol;30/09/2051;800;150;650;300
Digoxin;Tablet;0.25 mg;butir;Botol;31/10/2051;500;80;420;150
Enoxaparin;Injeksi;100 mg/ml;ml;Ampul;30/11/2051;600;110;490;200
Fluticasone;Inhalasi;125 mcg;mcg;Botol;31/12/2051;700;130;570;250
Gemfibrozil;Tablet;600 mg;butir;Botol;31/01/2052;800;150;650;300
Hydrochlorothiazide;Tablet;12.5 mg;butir;Botol;29/02/2052;500;80;420;150
Indomethacin;Kapsul;50 mg;butir;Botol;31/03/2052;600;110;490;200
Levofloxacin;Tablet;750 mg;butir;Botol;30/04/2052;700;130;570;250
Methocarbamol;Tablet;500 mg;butir;Botol;31/05/2052;800;150;650;300
Naproxen;Tablet;275 mg;butir;Botol;30/06/2052;500;80;420;150
Omeprazole;Tablet;10 mg;butir;Botol;31/07/2052;600;120;480;200
Prednisone;Tablet;20 mg;butir;Botol;31/08/2052;700;130;570;250
Risperidone;Tablet;2 mg;butir;Botol;30/09/2052;800;160;640;300
Simvastatin;Tablet;40 mg;butir;Botol;31/10/2052;500;90;410;150
Tizanidine;Tablet;2 mg;butir;Botol;30/11/2052;600;120;480;200
Valsartan;Tablet;160 mg;butir;Botol;31/12/2052;700;130;570;250
Warfarin;Tablet;5 mg;butir;Botol;31/01/2053;800;150;650;300
Zolpidem;Tablet;10 mg;butir;Botol;28/02/2053;500;80;420;150
Atenolol;Tablet;100 mg;butir;Botol;31/03/2053;600;110;490;200
Benzonatate;Kapsul;200 mg;butir;Botol;30/04/2053;700;130;570;250
Cefdinir;Kapsul;300 mg;butir;Botol;31/05/2053;800;150;650;300
Digoxin;Tablet;0.25 mg;butir;Botol;30/06/2053;500;80;420;150
Enoxaparin;Injeksi;100 mg/ml;ml;Ampul;31/07/2053;600;110;490;200
Fluticasone;Inhalasi;125 mcg;mcg;Botol;31/08/2053;700;130;570;250
Gemfibrozil;Tablet;600 mg;butir;Botol;30/09/2053;800;150;650;300
Hydrochlorothiazide;Tablet;12.5 mg;butir;Botol;31/10/2053;500;80;420;150
Indomethacin;Kapsul;50 mg;butir;Botol;30/11/2053;600;110;490;200
Levofloxacin;Tablet;750 mg;butir;Botol;31/12/2053;700;130;570;250
Methocarbamol;Tablet;500 mg;butir;Botol;31/01/2054;800;150;650;300
Naproxen;Tablet;275 mg;butir;Botol;28/02/2054;500;80;420;150
Omeprazole;Tablet;10 mg;butir;Botol;31/03/2054;600;120;480;200
Prednisone;Tablet;20 mg;butir;Botol;30/04/2054;700;130;570;250
Risperidone;Tablet;2 mg;butir;Botol;31/05/2054;800;160;640;300
Simvastatin;Tablet;40 mg;butir;Botol;30/06/2054;500;90;410;150
Tizanidine;Tablet;2 mg;butir;Botol;31/07/2054;600;120;480;200
Valsartan;Tablet;160 mg;butir;Botol;31/08/2054;700;130;570;250
Warfarin;Tablet;5 mg;butir;Botol;30/09/2054;800;150;650;300
Zolpidem;Tablet;10 mg;butir;Botol;31/10/2054;500;80;420;150